"Symbol","Name","LastSale","MarketCap","ADR TSO","IPOyear","Sector","Industry","Summary Quote",
"ABT","Abbott Laboratories","55.76","86862704960","n/a","n/a","Consumer Durables","Major Pharmaceuticals","http://www.nasdaq.com/symbol/abt",
"ACN","Accenture plc.","55.81","36120734290","n/a","1986","Miscellaneous","Business Services","http://www.nasdaq.com/symbol/acn",
"ACW","Accuride Corporation New","7.07","334319090","n/a","2005","Capital Goods","Auto Parts:O.E.M.","http://www.nasdaq.com/symbol/acw",
"ACE","Ace Limited","72.67","24504832690","n/a","n/a","Finance","Property-Casualty Insurers","http://www.nasdaq.com/symbol/ace",
"AGRO","Adecoagro S.A.","9.31","1117842390","n/a","1994","Consumer Non-Durables","Farming/Seeds/Milling","http://www.nasdaq.com/symbol/agro",
"ARX","Aeroflex Holding Corp.","13.49","1143803610","n/a","2010","Technology","Semiconductors","http://www.nasdaq.com/symbol/arx",
"ARO","Aeropostale Inc","16.39","1323492500","n/a","2002","Consumer Services","Clothing/Shoe/Accessory Stores","http://www.nasdaq.com/symbol/aro",
"ATI","Allegheny Technologies Incorporated","51.1","5434996000","n/a","n/a","Basic Industries","Steel/Iron Ore","http://www.nasdaq.com/symbol/ati",
"AGN","Allergan, Inc.","87.77","26772658640","n/a","n/a","Consumer Durables","Major Pharmaceuticals","http://www.nasdaq.com/symbol/agn",
"ALE","Allete Inc.","41.33","1520944000","n/a","n/a","Public Utilities","Power Generation","http://www.nasdaq.com/symbol/ale",
"DOX","Amdocs Limited","29.4","5064620400","n/a","n/a","Technology","EDP Services","http://www.nasdaq.com/symbol/dox",
"AEE","Ameren Corporation","31.64","7664473600","n/a","n/a","Public Utilities","Power Generation","http://www.nasdaq.com/symbol/aee",
"AMRC","Ameresco, Inc","13.2","334765200","n/a","2010","Basic Industries","Engineering & Construction","http://www.nasdaq.com/symbol/amrc",
"AGP","AMERIGROUP Corporation","69.59","3328907240","n/a","n/a","Health Care","Hospital And Medical Service Plans","http://www.nasdaq.com/symbol/agp",
"AMP","AMERIPRISE FINANCIAL SERVICES, INC.","54.68","12371623400","n/a","n/a","Finance","Investment Managers","http://www.nasdaq.com/symbol/amp",
"AMP^A","AMERIPRISE FINANCIAL SERVICES, INC.","28.02","224160000","n/a","n/a","n/a","n/a","http://www.nasdaq.com/symbol/amp^a",
"ABC","AmerisourceBergen Corporation (Holding Co)","40.09","10356970870","n/a","n/a","Health Care","Other Pharmaceuticals","http://www.nasdaq.com/symbol/abc",
"AOL","AOL Inc.","15.6","1518550800","n/a","n/a","Technology","EDP Services","http://www.nasdaq.com/symbol/aol",
"APA","Apache Corporation","96.8","37176911200","n/a","n/a","Energy","Oil & Gas Production","http://www.nasdaq.com/symbol/apa",
"APA^D","Apache Corporation","55.38","70055700","n/a","n/a","n/a","n/a","http://www.nasdaq.com/symbol/apa^d",
"ATR","AptarGroup, Inc.","51.55","3405908500","n/a","n/a","Consumer Non-Durables","Plastic Products","http://www.nasdaq.com/symbol/atr",
"MT","ArcelorMittal","21.08","1673752000","n/a","n/a","Basic Industries","Steel/Iron Ore","http://www.nasdaq.com/symbol/mt",
"AZZ","AZZ Incorporated","47.67","599831610","n/a","n/a","Consumer Durables","Building Products","http://www.nasdaq.com/symbol/azz",
"BBX","BankAtlantic Bancorp, Inc.","3.13","48311550","n/a","n/a","Finance","Savings Institutions","http://www.nasdaq.com/symbol/bbx",
"RATE","Bankrate Inc.","22.99","2298885050","n/a","n/a","Miscellaneous","Business Services","http://www.nasdaq.com/symbol/rate",
"BKU","BankUnited Inc.","22.71","2209319640","n/a","2011","Finance","Savings Institutions","http://www.nasdaq.com/symbol/bku",
"BCS","Barclays PLC","13.95","1351601550","n/a","n/a","Finance","Commercial Banks","http://www.nasdaq.com/symbol/bcs",
"BWA","BorgWarner Inc.","74.88","8215833600","n/a","1993","Capital Goods","Auto Parts:O.E.M.","http://www.nasdaq.com/symbol/bwa",
"SAM","Boston Beer Company, Inc. (The)","99.97","862641130","n/a","n/a","Consumer Non-Durables","Beverages (Production/Distribution)","http://www.nasdaq.com/symbol/sam",
"BMY","Bristol-Myers Squibb Company","32.65","55145850000","n/a","n/a","Consumer Durables","Major Pharmaceuticals","http://www.nasdaq.com/symbol/bmy",
"BMY^","Bristol-Myers Squibb Company","570.1","3420600","n/a","n/a","Consumer Durables","Major Pharmaceuticals","http://www.nasdaq.com/symbol/bmy^",
"CJES","C&J Energy Services, Inc.","17.52","909060240","n/a","n/a","Energy","Oilfield Services/Equipment","http://www.nasdaq.com/symbol/cjes",
"BLW","Citigroup Inc.","16.66","615087200","n/a","2003","Finance","Major Banks","http://www.nasdaq.com/symbol/blw",
"C","Citigroup Inc.","29.64","86658705120","n/a","n/a","Finance","Major Banks","http://www.nasdaq.com/symbol/c",
"C/WS/A","Citigroup Inc.","0.349","0","n/a","n/a","n/a","n/a","http://www.nasdaq.com/symbol/c/ws/a",
"C/WS/B","Citigroup Inc.","0.069","0","n/a","n/a","n/a","n/a","http://www.nasdaq.com/symbol/c/ws/b",
"C^Z","Citigroup Inc.","24.52","1324080000","n/a","n/a","n/a","n/a","http://www.nasdaq.com/symbol/c^z",
"KO","Coca-Cola Company (The)","68.09","154648186880","n/a","n/a","Consumer Non-Durables","Beverages (Production/Distribution)","http://www.nasdaq.com/symbol/ko",
"CCE","Coca-Cola Enterprises, Inc.","26.59","8296505440","n/a","1986","Consumer Non-Durables","Beverages (Production/Distribution)","http://www.nasdaq.com/symbol/cce",
"CL","Colgate-Palmolive Company","89","43075911000","n/a","n/a","Consumer Non-Durables","Package Goods/Cosmetics","http://www.nasdaq.com/symbol/cl",
"CMRE","Costamare Inc.","15.67","944901000","n/a","2010","Transportation","Marine Transportation","http://www.nasdaq.com/symbol/cmre",
"CVD","Covance Inc.","46.16","2804635440","n/a","n/a","Health Care","Biotechnology: Commercial Physical & Biological Resarch","http://www.nasdaq.com/symbol/cvd",
"CRD/A","Crawford & Company","3.85","111942600","n/a","n/a","Finance","Specialty Insurers","http://www.nasdaq.com/symbol/crd/a",
"CRD/B","Crawford & Company","5.9","145712300","n/a","n/a","Finance","Specialty Insurers","http://www.nasdaq.com/symbol/crd/b",
"BAP","Credicorp Ltd.","110.71","10449031220","n/a","n/a","Finance","Commercial Banks","http://www.nasdaq.com/symbol/bap",
"CS","CreditSuisse Group","26.04","1424804640","n/a","1989","Finance","Investment Bankers/Brokers/Service","http://www.nasdaq.com/symbol/cs",
"CRP","CreditSuisse Guernsey BRH","25.77","1443120000","n/a","n/a","Finance","Investment Bankers/Brokers/Service","http://www.nasdaq.com/symbol/crp",
"CXS","Crexus Investment Corp.","10.97","840521400","n/a","2009","Consumer Services","Real Estate Investment Trusts","http://www.nasdaq.com/symbol/cxs",
"CRY","CryoLife Inc.","5.32","149699480","n/a","n/a","Health Care","Medical/Dental Instruments","http://www.nasdaq.com/symbol/cry",
"CUBE^A","CubeSmart","24.83","0","n/a","n/a","n/a","n/a","http://www.nasdaq.com/symbol/cube^a",
"CUB","Cubic Corporation","45.6","1219161600","n/a","n/a","Capital Goods","Industrial Machinery/Components","http://www.nasdaq.com/symbol/cub",
"CFI","Culp Inc.","8.7","111072900","n/a","1986","Basic Industries","Textiles","http://www.nasdaq.com/symbol/cfi",
"CMI","Cummins Inc.","104.78","20212062000","n/a","1984","Energy","Industrial Machinery/Components","http://www.nasdaq.com/symbol/cmi",
"CW","Curtiss-Wright Corporation","37.47","1749249480","n/a","n/a","Technology","Industrial Machinery/Components","http://www.nasdaq.com/symbol/cw",
"CSI","Cutwater Select Income Fund","18.99","203363910","n/a","1994","n/a","n/a","http://www.nasdaq.com/symbol/csi",
"CVI","CVR Energy Inc.","24.21","2095932330","n/a","2007","Energy","Integrated oil Companies","http://www.nasdaq.com/symbol/cvi",
"UAN","CVR Partners, LP","28.89","2109605580","n/a","1992","Basic Industries","Agricultural Chemicals","http://www.nasdaq.com/symbol/uan",
"CVS","CVS Corporation","42.77","55670715100","n/a","n/a","Health Care","Medical/Nursing Services","http://www.nasdaq.com/symbol/cvs",
"DB","Deutsche Bank AG","42.5","39060135000","n/a","n/a","Finance","Major Banks","http://www.nasdaq.com/symbol/db",
"DTK","Deutsche Bank AG","23.99","1679300000","n/a","n/a","Finance","Finance: Consumer Services","http://www.nasdaq.com/symbol/dtk",
"DTT","Deutsche Bank AG","21.93","1008780000","n/a","n/a","Finance","Finance: Consumer Services","http://www.nasdaq.com/symbol/dtt",
"DUA","Deutsche Bank AG","20.88","501120000","n/a","n/a","n/a","n/a","http://www.nasdaq.com/symbol/dua",
"DXB","Deutsche Bank AG","21.85","699200000","n/a","n/a","Finance","Major Banks","http://www.nasdaq.com/symbol/dxb",
"DCE","Deutsche Bk Cap Fdg Tr X","23.41","655480000","n/a","n/a","Finance","Finance: Consumer Services","http://www.nasdaq.com/symbol/dce",
"DY","Dycom Industries, Inc.","21.33","717754500","n/a","n/a","Public Utilities","Water Supply","http://www.nasdaq.com/symbol/dy",
"DYN","Dynegy Inc.","2.23","273645530","n/a","n/a","Public Utilities","Electric Utilities: Central","http://www.nasdaq.com/symbol/dyn",
"DX","Dynex Capital, Inc.","9.4","379581400","n/a","n/a","Consumer Services","Real Estate Investment Trusts","http://www.nasdaq.com/symbol/dx",
"EXK","Endeavour Silver Corporation","10.11","816079200","n/a","n/a","Basic Industries","Precious Metals","http://www.nasdaq.com/symbol/exk",
"ENH","Endurance Specialty Holdings Ltd","37.75","1529969750","n/a","2003","Finance","Property-Casualty Insurers","http://www.nasdaq.com/symbol/enh",
"ENH^A","Endurance Specialty Holdings Ltd","26.15","209200000","n/a","n/a","n/a","n/a","http://www.nasdaq.com/symbol/enh^a",
"ENH^B","Endurance Specialty Holdings Ltd","26","239200000","n/a","n/a","n/a","n/a","http://www.nasdaq.com/symbol/enh^b",
"NDRO","Enduro Royalty Trust","20.31","0","n/a","n/a","n/a","n/a","http://www.nasdaq.com/symbol/ndro",
"FE","FirstEnergy Corporation","41.53","17368510480","n/a","n/a","Public Utilities","Electric Utilities: Central","http://www.nasdaq.com/symbol/fe",
"G","Genpact Limited","15.19","3372498990","n/a","2007","Consumer Services","Professional Services","http://www.nasdaq.com/symbol/g",
"GPC","Genuine Parts Company","64.15","9985139950","n/a","n/a","Capital Goods","Automotive Aftermarket","http://www.nasdaq.com/symbol/gpc",
"GNW","Genworth Financial Inc","8.24","4045271440","n/a","2004","Finance","Life Insurance","http://www.nasdaq.com/symbol/gnw",
"GEO","Geo Group Inc (The)","17.22","1078178640","n/a","n/a","Consumer Services","Diversified Commercial Services","http://www.nasdaq.com/symbol/geo",
"GGC","Georgia Gulf Corporation","34.5","1181142000","n/a","n/a","Basic Industries","Major Chemicals","http://www.nasdaq.com/symbol/ggc",
"GGB","Gerdau S.A.","9.52","2906379840","n/a","n/a","Capital Goods","Steel/Iron Ore","http://www.nasdaq.com/symbol/ggb",
"GTY","Getty Realty Corporation","16.03","535305820","n/a","1971","Finance","Real Estate","http://www.nasdaq.com/symbol/gty",
"GFIG","GFI Group Inc.","4.53","540592080","n/a","2005","Finance","Investment Bankers/Brokers/Service","http://www.nasdaq.com/symbol/gfig",
"GA","Giant Interactive Group Inc","4","545668000","n/a","2007","Miscellaneous","Business Services","http://www.nasdaq.com/symbol/ga",
"GIL","Gildan Activewear, Inc.","22.19","2692334890","n/a","1998","Consumer Non-Durables","Apparel","http://www.nasdaq.com/symbol/gil",
"GLAD^A","Gladstone Capital Corporation","25.3","0","n/a","n/a","n/a","n/a","http://www.nasdaq.com/symbol/glad^a",
"GLT","Glatfelter","15.02","655097300","n/a","n/a","Basic Industries","Paper","http://www.nasdaq.com/symbol/glt",
"GSK","GlaxoSmithKline PLC","44.86","17251855060","n/a","n/a","Consumer Durables","Major Pharmaceuticals","http://www.nasdaq.com/symbol/gsk",
"GRT","Glimcher Realty Trust","9.26","995375920","n/a","1983","Consumer Services","Real Estate Investment Trusts","http://www.nasdaq.com/symbol/grt",
"GRT^F","Glimcher Realty Trust","25.37","60888000","n/a","n/a","n/a","n/a","http://www.nasdaq.com/symbol/grt^f",
"GRT^G","Glimcher Realty Trust","24.54","147240000","n/a","n/a","n/a","n/a","http://www.nasdaq.com/symbol/grt^g",
"GJM","GMAC LLC","21.84","393120000","n/a","n/a","Finance","Finance: Consumer Services","http://www.nasdaq.com/symbol/gjm",
"GKM","GMAC LLC","21.34","768240000","n/a","n/a","Finance","Finance: Consumer Services","http://www.nasdaq.com/symbol/gkm",
"GMA","GMAC LLC","21.96","483120000","n/a","n/a","Finance","Finance: Consumer Services","http://www.nasdaq.com/symbol/gma",
"GOM","GMAC LLC","21.9","876000000","n/a","n/a","Finance","Finance: Consumer Services","http://www.nasdaq.com/symbol/gom",
"GMXR","GMX Resources, Inc.","1.15","69525550","n/a","n/a","Energy","Oil & Gas Production","http://www.nasdaq.com/symbol/gmxr",
"GMXR^","GMX Resources, Inc.","11.5","23000000","n/a","n/a","n/a","n/a","http://www.nasdaq.com/symbol/gmxr^",
"GNC","GNC Holdings, Inc.","28.79","2649370960","n/a","1980","Consumer Non-Durables","Food Chains","http://www.nasdaq.com/symbol/gnc",
"GOL","Gol Linhas Aereas Inteligentes S.A.","7.08","317615880","n/a","2004","Transportation","Air Freight/Delivery Services","http://www.nasdaq.com/symbol/gol",
"GFI","Gold Fields Ltd.","15.57","4177789110","n/a","n/a","Basic Industries","Precious Metals","http://www.nasdaq.com/symbol/gfi",
"GG","Goldcorp Incorporated","44.98","36326162860","n/a","n/a","Basic Industries","Precious Metals","http://www.nasdaq.com/symbol/gg",
"GS","Goldman Sachs Group, Inc. (The)","108.74","53534115620","n/a","1999","Finance","Investment Bankers/Brokers/Service","http://www.nasdaq.com/symbol/gs",
"GS^A","Goldman Sachs Group, Inc. (The)","19.16","574800","n/a","n/a","n/a","n/a","http://www.nasdaq.com/symbol/gs^a",
"GS^B","Goldman Sachs Group, Inc. (The)","24.45","782400","n/a","n/a","n/a","n/a","http://www.nasdaq.com/symbol/gs^b",
"GS^C","Goldman Sachs Group, Inc. (The)","20.32","162560","n/a","n/a","n/a","n/a","http://www.nasdaq.com/symbol/gs^c",
"GS^D","Goldman Sachs Group, Inc. (The)","19.81","1069740","n/a","n/a","n/a","n/a","http://www.nasdaq.com/symbol/gs^d",
"HDB","HDFC Bank Limited","29.97","3931674390","n/a","2001","Finance","Commercial Banks","http://www.nasdaq.com/symbol/hdb",
"HPQ","Hewlett-Packard Company","28.13","55810848290","n/a","n/a","Technology","Computer Manufacturing","http://www.nasdaq.com/symbol/hpq",
"HXL","Hexcel Corporation","25.27","2488134740","n/a","n/a","Basic Industries","Major Chemicals","http://www.nasdaq.com/symbol/hxl",
"HIT","Hitachi Ltd.","56.45","798485250","n/a","n/a","Basic Industries","Military/Government/Technical","http://www.nasdaq.com/symbol/hit",
"HON","Honeywell International Inc.","57.38","44383257860","n/a","n/a","Capital Goods","Auto Parts:O.E.M.","http://www.nasdaq.com/symbol/hon",
"HCS","HSBC Holdings plc","26.17","0","n/a","n/a","Finance","Savings Institutions","http://www.nasdaq.com/symbol/hcs",
"HCS^B","HSBC Holdings plc","26.55","3610800000","n/a","n/a","n/a","n/a","http://www.nasdaq.com/symbol/hcs^b",
"HBA^D","HSBC USA, Inc.","21.49","32235000","n/a","n/a","Finance","Major Banks","http://www.nasdaq.com/symbol/hba^d",
"HBA^F","HSBC USA, Inc.","17.56","363492000","n/a","n/a","Finance","Major Banks","http://www.nasdaq.com/symbol/hba^f",
"HBA^G","HSBC USA, Inc.","19.09","248170000","n/a","n/a","n/a","n/a","http://www.nasdaq.com/symbol/hba^g",
"HBA^H","HSBC USA, Inc.","24.35","316550000","n/a","n/a","n/a","n/a","http://www.nasdaq.com/symbol/hba^h",
"HBA^Z","HSBC USA, Inc.","46.81","140430000","n/a","n/a","n/a","n/a","http://www.nasdaq.com/symbol/hba^z",
"IBN","ICICI Bank Limited","34.11","5159001060","n/a","n/a","Finance","Commercial Banks","http://www.nasdaq.com/symbol/ibn",
"IDA","IDACORP, Inc.","41.39","2059897520","n/a","n/a","Public Utilities","Electric Utilities: Central","http://www.nasdaq.com/symbol/ida",
"IEX","IDEX Corporation","39.8","3320872200","n/a","1989","Capital Goods","Fluid Controls","http://www.nasdaq.com/symbol/iex",
"GNE","IDT Corporation","10.4","219533600","n/a","n/a","Public Utilities","Power Generation","http://www.nasdaq.com/symbol/gne",
"IDT","IDT Corporation","9.7","205339300","n/a","n/a","Public Utilities","Telecommunications Equipment","http://www.nasdaq.com/symbol/idt",
"CTC","IFM Investments Limited","0.3251","5742891.5","n/a","2010","Finance","Real Estate","http://www.nasdaq.com/symbol/ctc",
"IHS","IHS Inc.","92.56","6017418160","n/a","2005","Technology","Computer Software: Programming, Data Processing","http://www.nasdaq.com/symbol/ihs",
"IQT","Invesco Quality Municipal Investment Trust","14.06","194941900","n/a","1991","n/a","n/a","http://www.nasdaq.com/symbol/iqt",
"IQM","Invesco Quality Municipal Securities","15.08","202886320","n/a","1993","n/a","n/a","http://www.nasdaq.com/symbol/iqm",
"VBF","Invesco Van Kampen Bond Fund","19.3","218418100","n/a","n/a","n/a","n/a","http://www.nasdaq.com/symbol/vbf",
"VCV","Invesco Van Kampen California Value Municipal Income Trust","13.28","292372480","n/a","n/a","Consumer Services","Miscellaneous","http://www.nasdaq.com/symbol/vcv",
"VTA","Invesco Van Kampen Dynamic Credit Opportunities Fund","10.97","811834850","n/a","1993","n/a","n/a","http://www.nasdaq.com/symbol/vta",
"VLT","Invesco Van Kampen High Income Corporate Bond Fund","16.24","61224800","n/a","1989","n/a","n/a","http://www.nasdaq.com/symbol/vlt",
"VMO","Invesco Van Kampen Municipal Opportunity Trust","14.54","489212840","n/a","n/a","Consumer Services","Miscellaneous","http://www.nasdaq.com/symbol/vmo",
"VKQ","Invesco Van Kampen Municipal Trust","14.1","548151600","n/a","n/a","Consumer Services","Miscellaneous","http://www.nasdaq.com/symbol/vkq",
"VOQ","Invesco Van Kampen Ohio Quality Municipal Trust","16.35","94764600","n/a","n/a","n/a","n/a","http://www.nasdaq.com/symbol/voq",
"VPV","Invesco Van Kampen Pennsylvania Value Municipal Income Trust","14.22","338094720","n/a","n/a","Consumer Services","Miscellaneous","http://www.nasdaq.com/symbol/vpv",
"VVR","Invesco Van Kampen Senior Income Trust","4.43","42355230","n/a","1998","n/a","n/a","http://www.nasdaq.com/symbol/vvr",
"VTN","Invesco Van Kampen Trt  for Investment Grade New York Municipa","15.34","232339640","n/a","n/a","Consumer Services","Miscellaneous","http://www.nasdaq.com/symbol/vtn",
"VIM","Invesco Van Kampen Trust for Insured Municipals","13.9649","134886969.1","n/a","n/a","n/a","n/a","http://www.nasdaq.com/symbol/vim",
"VGM","Invesco Van Kampen Trust for Investment Grade Municipals","15","807330000","n/a","n/a","n/a","n/a","http://www.nasdaq.com/symbol/vgm",
"VTJ","Invesco Van Kampen Trust for Investment Grade N J Municipals","17.63","106573350","n/a","n/a","n/a","n/a","http://www.nasdaq.com/symbol/vtj",
"ISS","iSoftStone Holdings Limited","9.42","417437880","n/a","2010","Technology","EDP Services","http://www.nasdaq.com/symbol/iss",
"JPM","JPMorgan Chase & Co","37.36","141959257760","n/a","n/a","Finance","Major Banks","http://www.nasdaq.com/symbol/jpm",
"LOR","Lazard World Dividend & Income Fund, Inc.","11.3","77744000","n/a","2005","n/a","n/a","http://www.nasdaq.com/symbol/lor",
"LZB","La-Z-Boy Incorporated","13.17","682943520","n/a","n/a","Consumer Durables","Home Furnishings","http://www.nasdaq.com/symbol/lzb",
"LEG","Leggett & Platt, Incorporated","23.18","3225079760","n/a","n/a","Consumer Durables","Home Furnishings","http://www.nasdaq.com/symbol/leg",
"JZT","Lehman ABS Corp","25.75","0","n/a","n/a","Finance","Finance: Consumer Services","http://www.nasdaq.com/symbol/jzt",
"JBI","Lehman ABS Cp 7.857%","26.59","39140480","n/a","n/a","Finance","Finance: Consumer Services","http://www.nasdaq.com/symbol/jbi",
"LPS","Lender Processing Services, Inc","15.02","1267402620","n/a","n/a","Miscellaneous","Business Services","http://www.nasdaq.com/symbol/lps",
"LEN","Lennar Corporation","22.06","3434852300","n/a","1971","Basic Industries","Homebuilding","http://www.nasdaq.com/symbol/len",
"LEN/B","Lennar Corporation","17.9","560323700","n/a","n/a","n/a","n/a","http://www.nasdaq.com/symbol/len/b",
"LII","Lennox International, Inc.","37.1","1913061500","n/a","1987","Capital Goods","Industrial Machinery/Components","http://www.nasdaq.com/symbol/lii",
"LAS","Lentuo International Inc.","3.131","20351500","n/a","1981","Consumer Durables","Automotive Aftermarket","http://www.nasdaq.com/symbol/las",
"LUK","Leucadia National Corporation","27.39","6699128370","n/a","n/a","Basic Industries","Forest Products","http://www.nasdaq.com/symbol/luk",
"LVLT","Level 3 Communications, Inc.","18.28","3795823720","n/a","n/a","Public Utilities","Telecommunications Equipment","http://www.nasdaq.com/symbol/lvlt",
"LXP","Lexington Realty Trust","8.23","1270094750","n/a","n/a","Consumer Services","Real Estate Investment Trusts","http://www.nasdaq.com/symbol/lxp",
"LXP^B","Lexington Realty Trust","25.32","80011200","n/a","n/a","n/a","n/a","http://www.nasdaq.com/symbol/lxp^b",
"LXP^C","Lexington Realty Trust","42.85","111324300","n/a","n/a","n/a","n/a","http://www.nasdaq.com/symbol/lxp^c",
"MDR","McDermott International, Inc.","12.22","2872188800","n/a","n/a","Capital Goods","Metal Fabrications","http://www.nasdaq.c
"MER^D","Merrill Lynch & Co., Inc.","22.9","687000000","n/a","n/a","Finance","Finance/Investors Services","http://www.nasdaq.com/symbol/mer^d",
"CPP","Merrill Lynch Depositor, Inc.","23.98","0","n/a","1971","Finance","Finance: Consumer Services","http://www.nasdaq.com/symbol/cpp",
"FJA","Merrill Lynch Depositor, Inc.","24.4273","0","n/a","n/a","Finance","Finance: Consumer Services","http://www.nasdaq.com/symbol/fja",
"PIJ","Merrill Lynch Depositor, Inc.","25.3","0","n/a","n/a","Finance","Finance: Consumer Services","http://www.nasdaq.com/symboymbol/mei",
"MET","MetLife, Inc.","36.35","38444995900","n/a","2000","Finance","Life Insurance","http://www.nasdaq.com/symbol/met",
"MET^A","MetLife, Inc.","23.7","568800000","n/a","n/a","n/a","n/a","http://www.nasdaq.com/symbol/met^a",
"MET^B","MetLife, Inc.","25.41","1524600000","n/a","n/a","n/a","n/a","http://www.nasdaq.com/symbol/met^b",
"MLG","MetLife, Inc.","26.0001","208000800","n/a","1992","Finance","Life Insurance","http://www.nasdaq.com/symbol/mlg",
"MLU","MetLife, Inc.","69.77","2790800000","n/a","n/a","Finance","Life Insurance","http://www.nasdaq.com/symbol/mlu",
"MPR","Met-Pro Corporation","10.11","148212600","n/a","n/a","Capital Goods","Pollution Control Equipment","http://www.n
"MS","Morgan Stanley","18.39","35444922780","n/a","n/a","Finance","Investment Bankers/Brokers/Service","http://www.nasdaq.com/symbol/ms",
"MMI","Motorola, Inc.","38.66","11579829800","n/a","1993","Technology","Radio And Television Broadcasting And Communications Equipment","http://www.nasdaq.com/symbol/mmi",
"MSI","Motorola, Inc.","47.59","15492258240","n/a","1972","Technology","Radio And Television Broadcasting And Communications Equipment","http://www.nasdaq.com/symbol/msi",
"MSCI","MSCI Inc","32.48","3916048640","n/a","n/a","Miscellaneous","Business Services","http://www.nasdaq.com/symbol/msci",
"NC","NACCO Industries, Inc.","94.95","645754950","n/a","n/a","Capital Goods","Construction/Ag Equipment/Trucks","http://www.nasdaq.com/symbol/nc",
"NMR","Nomura Holdings Inc ADR","3.61","110173590","n/a","n/a","Finance","Investment Bankers/Brokers/Service","http://www.nasdaq.com/symbol/nmr",
"NUV","Nuveen Municipal Value Fund, Inc.","9.92","1949389120","n/a","1987","n/a","n/a","http://www.nasdaq.com/symbol/nuv",
"NUW","Nuveen Municipal Value Fund, Inc.","17.41","3453221270","n/a","2009","n/a","n/a","http://www.nasdaq.com/symbol/nuw",
"NXJ^A","Nuveen New Jersey Dividend Advantage Municipal Fund","10.0999","0","n/a","n/a","n/a","n/a","http://www.nasdaq.com/symbol/nxj^a",
"OHI","Omega Healthcare Investors, Inc.","20.8","2145852800","n/a","1992","Consumer Services","Real Estate Investment Trusts","http://www.nasdaq.com/symbol/ohi",
"OME","Omega Protein Corporation","8.36","162008440","n/a","1998","Consumer Non-Durables","Packaged Foods","http://www.nasdaq.com/symbol/ome",
"OCR","Omnicare, Inc.","32.7","3738950700","n/a","1981","Health Care","Medical/Nursing Services","http://www.nasdaq.com/symbol/ocr",
"OCR^A","Omnicare, Inc.","45.2","271200000","n/a","n/a","n/a","n/a","http://www.nasdaq.com/symbol/ocr^a",
"OCR^B","Omnicare, Inc.","45.5","313950000","n/a","n/a","n/a","n/a","http://www.nasdaq.com/symbol/ocr^b",
"OMC","Omnicom Group Inc.","46.71","12886074540","n/a","n/a","Technology","Advertising","http://www.nasdaq.com/symbol/omc",
"OMN","OMNOVA Solutions Inc.","5.47","249432000","n/a","n/a","Basic Industries","Specialty Chemicals","http://www.nasdaq.com/symbol/omn",
"OB","OneBeacon Insurance Group, Ltd.","15.4","359035600","n/a","2006","Finance","Property-Casualty Insurers","http://www.nasdaq.com/symbol/ob",
"OKS","ONEOK Partners, L.P.","55.8","7300146600","n/a","n/a","Public Utilities","Natural Gas Distribution","http://www.nasdaq.com/symbol/oks",
"PRE^C","PartnerRe Ltd.","25.13","291508000","n/a","n/a","n/a","n/a","http://www.nasdaq.com/symbol/pre^c",
"PRE^D","PartnerRe Ltd.","24.9","229080000","n/a","n/a","n/a","n/a","http://www.nasdaq.com/symbol/pre^d",
"PRE^E","PartnerRe Ltd.","26.36","342680000","n/a","n/a","n/a","n/a","http://www.nasdaq.com/symbol/pre^e",
"PTI","Patni Computer Systems Limited","18.51","65580930","n/a","1982","Technology","EDP Services","http://www.nasdaq.com/symbol/pti",
"PKX","POSCO","91.51","4849846980","n/a","1994","Basic Industries","Steel/Iron Ore","http://www.nasdaq.com/symbol/pkx",
"POM","Potomac Electric Power Company","20","4539120000","n/a","n/a","Public Utilities","Power Generation","http://www.nasdaq.com/symbol/pom",
"PPG","PPG Industries, Inc.","88.92","13731204240","n/a","n/a","Basic Industries","Paints/Coatings","http://www.nasdaq.com/symbol/ppg",
"PYV","PPlus Trust","25.42","0","n/a","n/a","Finance","Finance: Consumer Services","http://www.nasdaq.com/symbol/pyv",
"PX","Praxair, Inc.","109.32","32769763200","n/a","n/a","Basic Industries","Major Chemicals","http://www.nasdaq.com/symbol/px",
"PFK","Prudential Financial, Inc.","27.15","81450000","n/a","n/a","Finance","Life Insurance","http://www.nasdaq.com/symbol/pfk",
"PHR","Prudential Financial, Inc.","27.64","884480000","n/a","1998","Finance","Life Insurance","http://www.nasdaq.com/symbol/phr",
"PRU","Prudential Financial, Inc.","57.36","26959200000","n/a","2001","Finance","Life Insurance","http://www.nasdaq.com/symbol/pru",
"RSH","Radioshack Corporation","10.24","1022330880","n/a","n/a","Consumer Services","Consumer Electronics/Video Chains","http://www.nasdaq.com/symbol/rsh",
"RA","RailAmerica, Inc.","15.56","798103520","n/a","1995","Transportation","Railroads","http://www.nasdaq.com/symbol/ra",
"RGA","Reinsurance Group of America, Incorporated","55.35","4055383800","n/a","1993","Finance","Accident &Health Insurance","http://www.nasdaq.com/symbol/rga",
"RS","Reliance Steel & Aluminum Co.","54.91","4116767430","n/a","1994","Basic Industries","Metal Fabrications","http://www.nasdaq.com/symbol/rs",
"RNR","RenaissanceRe Holdings Ltd.","73.59","3811005330","n/a","n/a","Finance","Property-Casualty Insurers","http://www.nasdaq.com/symbol/rnr",
"RNR^C","RenaissanceRe Holdings Ltd.","24.75","247500000","n/a","n/a","n/a","n/a","http://www.nasdaq.com/symbol/rnr^c",
"RNR^D","RenaissanceRe Holdings Ltd.","25.07","300840000","n/a","n/a","n/a","n/a","http://www.nasdaq.com/symbol/rnr^d",
"CRM","Salesforce.com Inc","114.19","15529840000","n/a","2004","Technology","Computer Software: Prepackaged Software","http://www.nasdaq.com/symbol/crm",
"SAP","SAP AG","57.01","2321732250","n/a","n/a","Technology","Computer Software: Prepackaged Software","http://www.nasdaq.com/symbol/sap",
"SLB","Schlumberger N.V.","73.8","99039600000","n/a","n/a","Energy","Oilfield Services/Equipment","http://www.nasdaq.com/symbol/slb",
"SWM","Schweitzer-Mauduit International, Inc.","67.56","1092377640","n/a","n/a","Basic Industries","Paper","http://www.nasdaq.com/symbol/swm",
"CKH","SEACOR Holdings, Inc.","94.26","2046855900","n/a","n/a","Transportation","Marine Transportation","http://www.nasdaq.com/symbol/ckh",
"SHW","Sherwin-Williams Company (The)","95.59","9918513990","n/a","n/a","Consumer Services","RETAIL: Building Materials","http://www.nasdaq.com/symbol/shw",
"SHG","Shinhan Financial Group Co Ltd","77.35","693597450","n/a","1993","Finance","Major Banks","http://www.nasdaq.com/symbol/shg",
"SFL","Ship Finance International Limited","11.37","899651250","n/a","n/a","Transportation","Marine Transportation","http://www.nasdaq.com/symbol/sfl",
"SI","Siemens AG","97.48","4402001840","n/a","1988","Energy","Consumer Electronics/Appliances","http://www.nasdaq.com/symbol/si",
"SIG","Signet Jewelers Limited","46.71","4059379260","n/a","n/a","Consumer Services","Consumer Specialties","http://www.nasdaq.com/symbol/sig",
"SLW","Silver Wheaton Corp","31.5","11135092500","n/a","n/a","Basic Industries","Precious Metals","http://www.nasdaq.com/symbol/slw",
"SVM","Silvercorp Metals Inc","7.21","1261216460","n/a","n/a","Basic Industries","Precious Metals","http://www.nasdaq.com/symbol/svm",
"AAZ^K","SiM Internal Test 1","n/a","0","n/a","n/a","n/a","n/a","http://www.nasdaq.com/symbol/aaz^k",
"ZYZ^K","SiM Internal Test 11","n/a","0","n/a","n/a","n/a","n/a","http://www.nasdaq.com/symbol/zyz^k",
"DDZ^K","SiM Internal Test 3","n/a","0","n/a","n/a","n/a","n/a","http://www.nasdaq.com/symbol/ddz^k",
"FFZ^K","SiM Internal Test 4","n/a","0","n/a","n/a","n/a","n/a","http://www.nasdaq.com/symbol/ffz^k",
"IIZ^K","SiM Internal Test 5","n/a","0","n/a","n/a","n/a","n/a","http://www.nasdaq.com/symbol/iiz^k",
"SCR","Simcere Pharmaceutical Group","8.99","171421320","n/a","2007","Consumer Durables","Major Pharmaceuticals","http://www.nasdaq.com/symbol/scr",
"SPG","Simon Property Group, Inc.","131.66","39191495520","n/a","1993","Consumer Services","Real Estate Investment Trusts","http://www.nasdaq.com/symbol/spg",
"SPG^J","Simon Property Group, Inc.","65","51805000","n/a","n/a","n/a","n/a","http://www.nasdaq.com/symbol/spg^j",
"SSD","Simpson Manufacturing Company, Inc.","32.82","1580644020","n/a","n/a","Capital Goods","Industrial Machinery/Components","http://www.nasdaq.com/symbol/ssd",
"HOT","Starwood Hotels & Resorts Worldwide, Inc.","53.55","10460028600","n/a","n/a","Consumer Services","Hotels/Resorts","http://www.nasdaq.com/symbol/hot",
"STWD","STARWOOD PROPERTY TRUST, INC.","19.28","1793213520","n/a","2009","Consumer Services","Real Estate Investment Trusts","http://www.nasdaq.com/symbol/stwd",
"STC","Stewart Information Services Corporation","12.92","235764160","n/a","n/a","Finance","Specialty Insurers","http://www.nasdaq.com/symbol/stc",
"STM","STMicroelectronics N.V.","7.3","700610200","n/a","1984","Technology","Semiconductors","http://www.nasdaq.com/symbol/stm",
"STON","StoneMor Partners L.P.","26.07","504897690","n/a","1994","Consumer Services","Other Consumer Services","http://www.nasdaq.com/symbol/ston",
"SRI","Stoneridge, Inc.","9.19","235043440","n/a","1997","Capital Goods","Auto Parts:O.E.M.","http://www.nasdaq.com/symbol/sri",
"SFSF","SuccessFactors, Inc.","39.89","3358618330","n/a","2007","Technology","Computer Software: Prepackaged Software","http://www.nasdaq.com/symbol/sfsf",
"SMFG","Sumitomo Mitsui Financial Group Inc","6.14","420982960","n/a","n/a","Finance","Commercial Banks","http://www.nasdaq.com/symbol/smfg",
"SXC","SunCoke Energy, inc.","13.3","931079800","n/a","1997","Basic Industries","Steel/Iron Ore","http://www.nasdaq.com/symbol/sxc",
"SHO","Sunstone Hotel Investors, Inc.","8.87","1052620640","n/a","1998","Consumer Services","Hotels/Resorts","http://www.nasdaq.com/symbol/sho",
"SHO^A","Sunstone Hotel Investors, Inc.","24.3057","171355185","n/a","n/a","n/a","n/a","http://www.nasdaq.com/symbol/sho^a",
"SHO^D","Sunstone Hotel Investors, Inc.","23.49","0","n/a","n/a","n/a","n/a","http://www.nasdaq.com/symbol/sho^d",
"STP","Suntech Power Holdings Co., LTD.","3.24","419793840","n/a","2005","Technology","Semiconductors","http://www.nasdaq.com/symbol/stp",
"STI","SunTrust Banks, Inc.","21.29","11432666130","n/a","n/a","Finance","Major Banks","http://www.nasdaq.com/symbol/sti",
"STI/WS/A","SunTrust Banks, Inc.","4.49","0","n/a","n/a","n/a","n/a","http://www.nasdaq.com/symbol/sti/ws/a",
"STI/WS/B","SunTrust Banks, Inc.","2.95","0","n/a","n/a","n/a","n/a","http://www.nasdaq.com/symbol/sti/ws/b",
"STI^A","SunTrust Banks, Inc.","20.71","1035500","n/a","n/a","n/a","n/a","http://www.nasdaq.com/symbol/sti^a",
"STI^Z","SunTrust Banks, Inc.","25.87","620880000","n/a","n/a","n/a","n/a","http://www.nasdaq.com/symbol/sti^z",
"SYX","Systemax Inc.","17.3","629581600","n/a","n/a","Consumer Services","Catalog/Specialty Distribution","http://www.nasdaq.com/symbol/syx",
"SYSW","SYSWIN Inc.","0.6479","6219840","n/a","2010","Finance","Real Estate","http://www.nasdaq.com/symbol/sysw",
"TWN","Taiwan Fund, Inc. (The)","14.87","276210250","n/a","1986","n/a","n/a","http://www.nasdaq.com/symbol/twn",
"TSM","Taiwan Semiconductor Manufacturing Company Limited","13.97","15259612610","n/a","1997","Technology","Semiconductors","http://www.nasdaq.com/symbol/tsm",
"TOT","TotalFinaElf, S.A.","51.86","10954958260","n/a","n/a","Energy","Oil & Gas Production","http://www.nasdaq.com/symbol/tot",
"TOWR","Tower International, Inc.","11.18","220055940","n/a","2010","Capital Goods","Auto Parts:O.E.M.","http://www.nasdaq.com/symbol/towr",
"TW","Towers Watson & Co","60.49","3212926350","n/a","n/a","Consumer Services","Professional Services","http://www.nasdaq.com/symbol/tw",
"TM","Toyota Motor Corp Ltd Ord","71.4","3100759200","n/a","1979","Capital Goods","Auto Manufacturing","http://www.nasdaq.com/symbol/tm",
"TAC","TransAlta Corporation","19.98","4402473120","n/a","n/a","Public Utilities","Electric Utilities: Central","http://www.nasdaq.com/symbol/tac",
"TAI","Transamerica Income Shares, Inc.","21.884","138284996","n/a","n/a","n/a","n/a","http://www.nasdaq.com/symbol/tai",
"TRH","Transatlantic Holdings, Inc.","55.07","3394790150","n/a","1990","Finance","Property-Casualty Insurers","http://www.nasdaq.com/symbol/trh",
"TRP","Transcanada Pipelines, Ltd.","41.28","28740333120","n/a","n/a","Public Utilities","Natural Gas Distribution","http://www.nasdaq.com/symbol/trp",
"TCI","Transcontinental Realty Investors, Inc.","2.5401","21369861.3","n/a","1974","Consumer Services","Real Estate Investment Trusts","http://www.nasdaq.com/symbol/tci",
"UBS","UBS AG","13.7","0","n/a","1990","Finance","Major Banks","http://www.nasdaq.com/symbol/ubs",
"UBS^D","UBS AG","12.85","154200000","n/a","n/a","n/a","n/a","http://www.nasdaq.com/symbol/ubs^d",
"UN","Unilever NV","32.83","9394206010","n/a","n/a","Consumer Non-Durables","Packaged Foods","http://www.nasdaq.com/symbol/un",
"UL","Unilever PLC","32.03","4345958520","n/a","n/a","Consumer Non-Durables","Packaged Foods","http://www.nasdaq.com/symbol/ul",
"UNP","Union Pacific Corporation","112.84","54510408680","n/a","n/a","Transportation","Railroads","http://www.nasdaq.com/symbol/unp",
"UNS","UniSource Energy Corporation","37.08","1369104840","n/a","n/a","Public Utilities","Electric Utilities: Central","http://www.nasdaq.com/symbol/uns",
"UIS","Unisys Corporation","20.13","873642000","n/a","n/a","Technology","EDP Services","http://www.nasdaq.com/symbol/uis",
"UIS^A","Unisys Corporation","62.36","0","n/a","n/a","n/a","n/a","http://www.nasdaq.com/symbol/uis^a",
"IN","UNOVA, Inc.","7.87","469972790","n/a","1999","Technology","Computer peripheral equipment","http://www.nasdaq.com/symbol/in",
"UNM","Unum Group","22.77","6657492600","n/a","1986","Finance","Accident &Health Insurance","http://www.nasdaq.com/symbol/unm",
"URS","URS Corporation","40","3184640000","n/a","n/a","Consumer Services","Military/Government/Technical","http://www.nasdaq.com/symbol/urs",
"UBA","Urstadt Biddle Properties Inc.","18.74","392659220","n/a","n/a","Consumer Services","Real Estate Investment Trusts","http://www.nasdaq.com/symbol/uba",
"UBP","Urstadt Biddle Properties Inc.","16.8935","149473688","n/a","n/a","Consumer Services","Real Estate Investment Trusts","http://www.nasdaq.com/symbol/ubp",
"UBP^C","Urstadt Biddle Properties Inc.","102.0101","40804040","n/a","n/a","n/a","n/a","http://www.nasdaq.com/symbol/ubp^c",
"UBP^D","Urstadt Biddle Properties Inc.","25.5","62475000","n/a","n/a","n/a","n/a","http://www.nasdaq.com/symbol/ubp^d",
"VMW","Vmware, Inc.","88.12","10766413480","n/a","2007","Technology","Computer Software: Prepackaged Software","http://www.nasdaq.com/symbol/vmw",
"WFT","Weatherford International, Ltd","16.54","12472284720","n/a","n/a","Energy","Oil & Gas Production","http://www.nasdaq.com/symbol/wft",
"WBS","Webster Financial Corporation","21.02","1839313060","n/a","n/a","Finance","Major Banks","http://www.nasdaq.com/symbol/wbs",
"WBS/WS","Webster Financial Corporation","9.73","0","n/a","n/a","n/a","n/a","http://www.nasdaq.com/symbol/wbs/ws",
"WCG","WellCare Helath Plans, Inc.","58.7","2512066500","n/a","1999","Health Care","Hospital And Medical Service Plans","http://www.nasdaq.com/symbol/wcg",
"WLP","WellPoint Inc.","71.78","24969462580","n/a","1993","Health Care","Hospital And Medical Service Plans","http://www.nasdaq.com/symbol/wlp",
"BWF","WellsFargo & Company","26.38","1661940000","n/a","n/a","Finance","Major Banks","http://www.nasdaq.com/symbol/bwf",
"WIT","Wipro Limited","10.92","455757120","n/a","n/a","Technology","EDP Services","http://www.nasdaq.com/symbol/wit",
"AUY","Yamana Gold, Inc.","15.34","11439038000","n/a","n/a","Basic Industries","Precious Metals","http://www.nasdaq.com/symbol/auy",
"ZA","Zuoan Fashion Limited","4.19","32183390","n/a","n/a","Consumer Non-Durables","Apparel","http://www.nasdaq.com/symbol/za",
"ZF","Zweig Fund, Inc. (The)","3.08","283224480","n/a","1986","n/a","n/a","http://www.nasdaq.com/symbol/zf",
"ZTR","Zweig Total Return Fund, Inc. (The)","3.15","453899250","n/a","1988","n/a","n/a","http://www.nasdaq.com/symbol/ztr",
"AMZN","Amazon.com, Inc.","190.93","86826181220","n/a","1997","Consumer Services","Catalog/Specialty Distribution","http://www.nasdaq.com/symbol/amzn",
"AMBT","Ambient Corporation","6.13","101322770","n/a","n/a","Public Utilities","Telecommunications Equipment","http://www.nasdaq.com/symbol/ambt",
"AMCX","AMC Networks Inc.","41.82","2439193320","n/a","n/a","Consumer Services","Television Services","http://www.nasdaq.com/symbol/amcx",
"AMED","Amedisys Inc","9.92","292005120","n/a","1987","Health Care","Medical/Nursing Services","http://www.nasdaq.com/symbol/amed",
"AMSF","AMERISAFE, Inc.","23.34","421683780","n/a","2005","Finance","Property-Casualty Insurers","http://www.nasdaq.com/symbol/amsf",
"ASRV","AmeriServ Financial Inc.","2.08","44112640","n/a","n/a","Finance","Major Banks","http://www.nasdaq.com/symbol/asrv",
"ASRVP","AmeriServ Financial Inc.","24.98","12015380","n/a","n/a","Finance","Major Banks","http://www.nasdaq.com/symbol/asrvp",
"ASCA","Ameristar Casinos, Inc.","19.78","645480740","n/a","1993","Consumer Services","Hotels/Resorts","http://www.nasdaq.com/symbol/asca",
"AMTC","Ameritrans Capital Corporation","0.28","950880","n/a","1989","n/a","n/a","http://www.nasdaq.com/symbol/amtc",
"AMTCP","Ameritrans Capital Corporation","3.2501","975030","n/a","n/a","n/a","n/a","http://www.nasdaq.com/symbol/amtcp",
"ANSS","ANSYS Inc.","60.81","5617627800","n/a","1996","Technology","Computer Software: Prepackaged Software","http://www.nasdaq.com/symbol/anss",
"ANTH","Anthera Pharmaceuticals, Inc.","6.96","284719680","n/a","2010","Consumer Durables","Major Pharmaceuticals","http://www.nasdaq.com/symbol/anth",
"ARIA","ARIAD Pharmaceuticals, Inc.","14.25","2245785750","n/a","1994","Health Care","Biotechnology: Biological Products (No Diagnostic Substances)","http://www.nasdaq.com/symbol/aria",
"ARBA","Ariba Inc.","28.83","2875215900","n/a","1999","Technology","Computer Software: Prepackaged Software","http://www.nasdaq.com/symbol/arba",
"ARTC","ArthroCare Corporation","30.44","837495720","n/a","1996","Health Care","Biotechnology: Electromedical & Electrotherapeutic Apparatus","http://www.nasdaq.com/symbol/artc",
"ASTC","Astrotech Corporation","0.6","11620200","n/a","n/a","Capital Goods","Military/Government/Technical","http://www.nasdaq.com/symbol/astc",
"ASUR","Asure Software Inc","6.74","20792900","n/a","n/a","Technology","EDP Services","http://www.nasdaq.com/symbol/asur",
"ATAI","ATA Inc.","6.21","141991650","n/a","2008","Consumer Services","Other Consumer Services","http://www.nasdaq.com/symbol/atai",
"ATHN","athenahealth, Inc.","57.01","2014049280","n/a","1991","Miscellaneous","Business Services","http://www.nasdaq.com/symbol/athn",
"AFCB","Athens Bancshares Corporation","11.99","32660760","n/a","2010","Finance","Savings Institutions","http://www.nasdaq.com/symbol/afcb",
"ATHX","Athersys, Inc.","2.01","47243040","n/a","n/a","Consumer Durables","Major Pharmaceuticals","http://www.nasdaq.com/symbol/athx",
"AAME","Atlantic American Corporation","1.99","42337250","n/a","n/a","Finance","Life Insurance","http://www.nasdaq.com/symbol/aame",
"ACFC","Atlantic Coast Federal Corporation","2.31","6075300","n/a","n/a","Finance","Savings Institutions","http://www.nasdaq.com/symbol/acfc",
"ATNI","Atlantic Tele-Network, Inc.","36.49","562201430","n/a","1991","Public Utilities","Telecommunications Equipment","http://www.nasdaq.com/symbol/atni",
"AAWW","Atlas Air Worldwide Holdings","43.45","1142821900","n/a","n/a","Transportation","Transportation Services","http://www.nasdaq.com/symbol/aaww",
"ACLS","Axcelis Technologies, Inc.","1.78","189525500","n/a","2000","Technology","Industrial Machinery/Components","http://www.nasdaq.com/symbol/acls",
"BFIN","BankFinancial Corporation","5.51","116112230","n/a","n/a","Finance","Savings Institutions","http://www.nasdaq.com/symbol/bfin",
"CDNS","Cadence Design Systems, Inc.","10.62","2892187080","n/a","n/a","Technology","Computer Software: Prepackaged Software","http://www.nasdaq.com/symbol/cdns",
"CPHC","Canterbury Park Holding Corporation","12.75","52300500","n/a","n/a","Consumer Services","Services-Misc. Amusement & Recreation","http://www.nasdaq.com/symbol/cphc",
"CAZA","Cazador Acquisition Corporation Ltd.","9.79","56292500","n/a","n/a","Finance","Business Services","http://www.nasdaq.com/symbol/caza",
"CAZAU","Cazador Acquisition Corporation Ltd.","9.96","45816000","n/a","2010","Finance","Business Services","http://www.nasdaq.com/symbol/cazau",
"CAZAW","Cazador Acquisition Corporation Ltd.","0.22","1834800","n/a","n/a","Finance","Business Services","http://www.nasdaq.com/symbol/cazaw",
"CLNT","Cleantech Solutions International, Inc.","0.2799","5655659.4","n/a","1994","Technology","Industrial Machinery/Components","http://www.nasdaq.com/symbol/clnt",
"CLFD","Clearfield, Inc.","6.63","80461680","n/a","n/a","Public Utilities","Telecommunications Equipment","http://www.nasdaq.com/symbol/clfd",
"CKSW","ClickSoftware Technologies Ltd.","10.64","325945760","n/a","2000","Technology","Computer Software: Prepackaged Software","http://www.nasdaq.com/symbol/cksw",
"CSBK","Clifton Savings Bancorp, Inc.","10.08","263471040","n/a","n/a","Finance","Savings Institutions","http://www.nasdaq.com/symbol/csbk",
"CLVS","Clovis Oncology, Inc.","19.9","445282400","n/a","n/a","Consumer Durables","Major Pharmaceuticals","http://www.nasdaq.com/symbol/clvs",
"COKE","Coca-Cola Bottling Co. Consolidated","59","421319000","n/a","1972","Consumer Non-Durables","Beverages (Production/Distribution)","http://www.nasdaq.com/symbol/coke",
"CDXS","Codexis, Inc.","5.32","191243360","n/a","2010","Basic Industries","Major Chemicals","http://www.nasdaq.com/symbol/cdxs",
"CVLY","Codorus Valley Bancorp, Inc","9.94","41181420","n/a","n/a","Finance","Savings Institutions","http://www.nasdaq.com/symbol/cvly",
"CCOI","Cogent Communications Group, Inc.","15.3","701352000","n/a","n/a","Technology","Computer Software: Prepackaged Software","http://www.nasdaq.com/symbol/ccoi",
"CGNX","Cognex Corporation","40.96","1723392000","n/a","1989","Capital Goods","Industrial Machinery/Components","http://www.nasdaq.com/symbol/cgnx",
"CTSH","Cognizant Technology Solutions Corporation","70.17","21199549890","n/a","1998","Technology","EDP Services","http://www.nasdaq.com/symbol/ctsh",
"CMFB","COMMERCEFIRST BANCORP INC","13.5","24583500","n/a","1983","Finance","Major Banks","http://www.nasdaq.com/symbol/cmfb",
"ETFC","E*TRADE Financial Corporation","9.66","2755727520","n/a","n/a","Finance","Savings Institutions","http://www.nasdaq.com/symbol/etfc",
"ELNK","EarthLink, Inc.","6.97","743587480","n/a","n/a","Technology","Computer Software: Programming, Data Processing","http://www.nasdaq.com/symbol/elnk",
"EBAY","eBay Inc.","31.93","41219522620","n/a","1995","Miscellaneous","Business Services","http://www.nasdaq.com/symbol/ebay",
"EBIX","Ebix Inc","24.39","886235040","n/a","n/a","Technology","EDP Services","http://www.nasdaq.com/symbol/ebix",
"ELON","Echelon Corporation","5.4","229554000","n/a","1998","Technology","Computer Communications Equipment","http://www.nasdaq.com/symbol/elon",
"SATS","EchoStar Corporation","24.2","940460400","n/a","n/a","Technology","Radio And Television Broadcasting And Communications Equipment","http://www.nasdaq.com/symbol/sats",
"EFUT","eFuture Information Technology Inc.","4.8495","19286461.5","n/a","n/a","Technology","EDP Services","http://www.nasdaq.com/symbol/efut",
"EGAN","eGain Communications Corporation","6.05","147257000","n/a","1999","Technology","Computer Software: Prepackaged Software","http://www.nasdaq.com/symbol/egan",
"EHTH","eHealth, Inc.","15.28","306272320","n/a","2006","Finance","Specialty Insurers","http://www.nasdaq.com/symbol/ehth",
"LONG","eLong, Inc.","16.14","186248159.46","11539539","1987","Consumer Services","Transportation Services","http://www.nasdaq.com/symbol/long",
"ELTK","Eltek Ltd.","1.33","8791300","n/a","1997","Technology","Electrical Products","http://www.nasdaq.com/symbol/eltk",
"EMCI","EMC Insurance Group, Inc.","21.96","282647160","n/a","1982","Finance","Property-Casualty Insurers","http://www.nasdaq.com/symbol/emci",
"EMCF","Emclaire Financial Corp","15.5","27078500","n/a","n/a","Finance","Major Banks","http://www.nasdaq.com/symbol/emcf",
"EMKR","EMCORE Corporation","1.22","113435600","n/a","1997","Technology","Semiconductors","http://www.nasdaq.com/symbol/emkr",
"ELGX","Endologix  Inc","12.23","704961660","n/a","n/a","Health Care","Medical/Dental Instruments","http://www.nasdaq.com/symbol/elgx",
"ENG","ENGlobal Corporation","2.17","57765400","n/a","1991","Consumer Services","Military/Government/Technical","http://www.nasdaq.com/symbol/eng",
"ESGR","Enstar Group Limited","97.65","1339172100","n/a","n/a","Finance","Property-Casualty Insurers","http://www.nasdaq.com/symbol/esgr",
"ENTG","Entegris, Inc.","9.79","1322707320","n/a","2000","Consumer Non-Durables","Plastic Products","http://www.nasdaq.com/symbol/entg",
"ETRM","EnteroMedics Inc.","1.92","70560000","n/a","2007","Health Care","Biotechnology: Electromedical & Electrotherapeutic Apparatus","http://www.nasdaq.com/symbol/etrm",
"EONC","eOn Communications Corporation","1.34","3845800","n/a","2000","Public Utilities","Telecommunications Equipment","http://www.nasdaq.com/symbol/eonc",
"EOSPN","EOS Preferred Corporation","20","30000000","n/a","n/a","Finance","Real Estate","http://www.nasdaq.com/symbol/eospn",
"EPIQ","EPIQ Systems, Inc.","12.08","431413040","n/a","1997","Technology","EDP Services","http://www.nasdaq.com/symbol/epiq",
"PLUS","ePlus Inc.","30.43","245326660","n/a","1996","Technology","Retail: Computer Software & Peripheral Equipment","http://www.nasdaq.com/symbol/plus",
"EPOC","Epocrates, Inc.","9.99","241038720","n/a","n/a","Technology","EDP Services","http://www.nasdaq.com/symbol/epoc",
"EQIX","Equinix, Inc.","116.12","5505249200","n/a","2000","Public Utilities","Telecommunications Equipment","http://www.nasdaq.com/symbol/eqix",
"ERT","eResearch Technology Inc.","5.49","270333090","n/a","n/a","Health Care","Precision Instruments","http://www.nasdaq.com/symbol/ert",
"ERIE","Erie Indemnity Company","75.73","3638523580","n/a","n/a","Finance","Specialty Insurers","http://www.nasdaq.com/symbol/erie",
"ESBF","ESB Financial Corporation","14.24","212005120","n/a","n/a","Finance","Savings Institutions","http://www.nasdaq.com/symbol/esbf",
"ESCA","Escalade, Incorporated","4.4","56689600","n/a","n/a","Consumer Non-Durables","Recreational Products/Toys","http://www.nasdaq.com/symbol/esca",
"ESMC","Escalon Medical Corp.","1","7526000","n/a","n/a","Health Care","Biotechnology: Electromedical & Electrotherapeutic Apparatus","http://www.nasdaq.com/symbol/esmc",
"EXAC","Exactech Inc.","16.18","212621380","n/a","1996","Health Care","Industrial Specialties","http://www.nasdaq.com/symbol/exac",
"EXPE","Expedia Inc.","31.04","3746931520","n/a","1999","Consumer Services","Transportation Services","http://www.nasdaq.com/symbol/expe",
"EXPD","Expeditors International of Washington, Inc.","44.41","9416252300","n/a","n/a","Transportation","Oil Refining/Marketing","http://www.nasdaq.com/symbol/expd",
"EZCH","EZchip Semiconductor Limited","32.91","882810750","n/a","n/a","Technology","Computer Communications Equipment","http://www.nasdaq.com/symbol/ezch",
"EZPW","EZCORP, Inc.","26.69","1264785720","n/a","1991","Consumer Services","Other Specialty Stores","http://www.nasdaq.com/symbol/ezpw",
"FALC","FalconStor Software, Inc.","2.53","118611460","n/a","n/a","Technology","Computer Software: Prepackaged Software","http://www.nasdaq.com/symbol/falc",
"FFCO","FedFirst Financial Corporation","13.75","41112500","n/a","n/a","Finance","Savings Institutions","http://www.nasdaq.com/symbol/ffco",
"FLML","Flamel Technologies S.A.","5.52","132718960.8","24043290","1996","Consumer Durables","Major Pharmaceuticals","http://www.nasdaq.com/symbol/flml",
"FLXS","Flexsteel Industries, Inc.","14.31","96764220","n/a","n/a","Consumer Durables","Home Furnishings","http://www.nasdaq.com/symbol/flxs",
"FLEX","Flextronics International Ltd.","6.72","4792630080","n/a","1994","Technology","Electrical Products","http://www.nasdaq.com/symbol/flex",
"FLIR","FLIR Systems, Inc.","26.81","4182118710","n/a","1993","Capital Goods","Industrial Machinery/Components","http://www.nasdaq.com/symbol/flir",
"FES","Forbes Energy Services Ltd","6.19","129482420","n/a","n/a","Energy","Oilfield Services/Equipment","http://www.nasdaq.com/symbol/fes",
"ROCK","Gibraltar Industries, Inc.","15.36","467235840","n/a","1993","Capital Goods","Steel/Iron Ore","http://www.nasdaq.com/symbol/rock",
"GIGM","GigaMedia Limited","0.95","51697100","n/a","n/a","Technology","Computer Software: Programming, Data Processing","http://www.nasdaq.com/symbol/gigm",
"GIGA","Giga-tronics Incorporated","1.79","8992960","n/a","1983","Capital Goods","Electrical Products","http://www.nasdaq.com/symbol/giga",
"GIII","G-III Apparel Group, LTD.","24.62","489667180","n/a","1989","Consumer Non-Durables","Apparel","http://www.nasdaq.com/symbol/giii",
"GOOG","Google Inc.","585.99","150014025990","n/a","2004","Technology","Computer Software: Programming, Data Processing","http://www.nasdaq.com/symbol/goog",
"HSFT","HiSoft Technology International Limited","11.33","286798861.91","25313227","2010","Technology","EDP Services","http://www.nasdaq.com/symbol/hsft",
"HITK","Hi-Tech Pharmacal Co., Inc.","37.51","478740130","n/a","1992","Consumer Durables","Major Pharmaceuticals","http://www.nasdaq.com/symbol/hitk",
"HITT","Hittite Microwave Corporation","55.12","1727626160","n/a","2005","Technology","Semiconductors","http://www.nasdaq.com/symbol/hitt",
"HMNF","HMN Financial, Inc.","2.09","9170920","n/a","n/a","Finance","Savings Institutions","http://www.nasdaq.com/symbol/hmnf",
"IGTE","iGATE Corporation","16.57","938011130","n/a","n/a","Technology","EDP Services","http://www.nasdaq.com/symbol/igte",
"IGOI","iGo, Inc","0.85","28633100","n/a","n/a","Technology","Computer peripheral equipment","http://www.nasdaq.com/symbol/igoi",
"INFY","Infosys Limited","52.29","4080202033.95","78030255","n/a","Technology","EDP Services","http://www.nasdaq.com/symbol/infy",
"IPAS","iPass Inc.","1.53","90222570","n/a","2003","Technology","EDP Services","http://www.nasdaq.com/symbol/ipas",
"IPCM","IPC The Hospitalist Company, Inc.","32.72","538047680","n/a","2008","Health Care","Hospital/Nursing Management","http://www.nasdaq.com/symbol/ipcm",
"IPGP","IPG Photonics Corporation","53.13","2525853330","n/a","2006","Technology","Semiconductors","http://www.nasdaq.com/symbol/ipgp",
"IRBT","iRobot Corporation","32.28","872754360","n/a","2005","Consumer Durables","Consumer Electronics/Appliances","http://www.nasdaq.com/symbol/irbt",
"IRWD","Ironwood Pharmaceuticals, Inc.","13.08","783165000","n/a","2010","Consumer Durables","Major Pharmaceuticals","http://www.nasdaq.com/symbol/irwd",
"JCTCF","Jewett-Cameron Trading Company","8.25","15328500","n/a","n/a","Consumer Services","RETAIL: Building Materials","http://www.nasdaq.com/symbol/jctcf",
"LMAT","LeMaitre Vascular, Inc.","5.62","86592960","n/a","2006","Health Care","Medical/Dental Instruments","http://www.nasdaq.com/symbol/lmat",
"LXRX","Lexicon Pharmaceuticals, Inc.","1.37","657834270","n/a","n/a","Consumer Durables","Major Pharmaceuticals","http://www.nasdaq.com/symbol/lxrx",
"LHCG","LHC Group","14.2","267073600","n/a","2005","Health Care","Medical/Nursing Services","http://www.nasdaq.com/symbol/lhcg",
"LOGI","Logitech International S.A.","8.05","1391941600","n/a","1997","Technology","Computer peripheral equipment","http://www.nasdaq.com/symbol/logi",
"LSBI","LSB Financial Corp.","13.65","21212100","n/a","n/a","Finance","Savings Institutions","http://www.nasdaq.com/symbol/lsbi",
"MEDW","MEDIWARE Information Systems, Inc.","13.19","107498500","n/a","1991","Technology","EDP Services","http://www.nasdaq.com/symbol/medw",
"MEDH","MedQuist Holdings Inc.","10.15","570257450","n/a","n/a","Technology","EDP Services","http://www.nasdaq.com/symbol/medh",
"MTOX","Medtox Scientific, Inc.","16.6","148271200","n/a","n/a","Health Care","Medical Specialities","http://www.nasdaq.com/symbol/mtox",
"MELA","MELA Sciences, Inc","4.4","111157200","n/a","2005","Health Care","Medical/Dental Instruments","http://www.nasdaq.com/symbol/mela",
"MPEL","Melco Crown Entertainment Limited","11.18","2012111813.14","179974223","2006","Consumer Services","Hotels/Resorts","http://www.nasdaq.com/symbol/mpel",
"MLNX","Mellanox Technologies, Ltd.","33.62","1323014240","n/a","2007","Technology","Semiconductors","http://www.nasdaq.com/symbol/mlnx",
"MEMP","Memorial Production Partners LP","17.46","280425060","n/a","n/a","Energy","Oil & Gas Production","http://www.nasdaq.com/symbol/memp",
"MEMS","MEMSIC, Inc.","3.175","76149200","n/a","2007","Technology","Semiconductors","http://www.nasdaq.com/symbol/mems",
"MENT","Mentor Graphics Corporation","13.45","1476621700","n/a","1984","Technology","EDP Services","http://www.nasdaq.com/symbol/ment",
"MTSL","MER Telemanagement Solutions Ltd.","1.75","7803250","n/a","1997","Public Utilities","Telecommunications Equipment","http://www.nasdaq.com/symbol/mtsl",
"MVIS","Microvision, Inc.","0.36","48891960","n/a","1993","Capital Goods","Industrial Machinery/Components","http://www.nasdaq.com/symbol/mvis",
"MVISW","Microvision, Inc.","0.16","1072480","n/a","n/a","Capital Goods","Industrial Machinery/Components","http://www.nasdaq.com/symbol/mvisw",
"MPB","Mid Penn Bancorp","7.25","25244500","n/a","n/a","Finance","Major Banks","http://www.nasdaq.com/symbol/mpb",
"MCEP","Mid-Con Energy Partners, LP","19.636","346379040","n/a","n/a","Energy","Oil & Gas Production","http://www.nasdaq.com/symbol/mcep",
"MBRG","Middleburg Financial Corporation","14.9899","104884330.3","n/a","n/a","Finance","Major Banks","http://www.nasdaq.com/symbol/mbrg",
"MSEX","Middlesex Water Company","18.71","292530850","n/a","n/a","Public Utilities","Water Supply","http://www.nasdaq.com/symbol/msex",
"MOFG","MidWestOne Financial Group, Inc.","15.75","135009000","n/a","n/a","Finance","Major Banks","http://www.nasdaq.com/symbol/mofg",
"SMCG","Millenium India Acquisition Company Inc.","0.8","6576000","n/a","n/a","Finance","Business Services","http://www.nasdaq.com/symbol/smcg",
"NTAP","NetApp, Inc.","36.85","13576240150","n/a","1995","Technology","Electronic Components","http://www.nasdaq.com/symbol/ntap",
"NTES","Netease.com, Inc.","48.21","3616508536.14","75015734","n/a","Miscellaneous","Business Services","http://www.nasdaq.com/symbol/ntes",
"NFLX","Netflix, Inc.","100.24","5549386640","n/a","2002","Consumer Services","Consumer Electronics/Video Chains","http://www.nasdaq.com/symbol/nflx",
"NTGR","NETGEAR, Inc.","40.83","1533615630","n/a","2003","Public Utilities","Telecommunications Equipment","http://www.nasdaq.com/symbol/ntgr",
"NLST","Netlist, Inc.","2.98","75867820","n/a","2006","Technology","Semiconductors","http://www.nasdaq.com/symbol/nlst",
"NETL","NetLogic Microsystems, Inc.","49.76","3433738560","n/a","2004","Technology","Semiconductors","http://www.nasdaq.com/symbol/netl",
"NINE","Ninetowns Internet Technology Group Company Limited","1.31","40581578.24","30978304","1995","Technology","Computer Software: Prepackaged Software","http://www.nasdaq.com/symbol/nine",
"NVDA","NVIDIA Corporation","14.22","8683485660","n/a","1999","Technology","Semiconductors","http://www.nasdaq.com/symbol/nvda",
"NXPI","NXP Semiconductors N.V.","20.555","5174762360","n/a","2010","Technology","Semiconductors","http://www.nasdaq.com/symbol/nxpi",
"OPWV","Openwave Systems Inc","2.04","174987120","n/a","n/a","Technology","Computer Software: Prepackaged Software","http://www.nasdaq.com/symbol/opwv",
"ORBC","ORBCOMM Inc.","3.48","158928120","n/a","2006","Consumer Services","Telecommunications Equipment","http://www.nasdaq.com/symbol/orbc",
"ORLY","O'Reilly Automotive, Inc.","82.28","10558827840","n/a","1993","Consumer Services","Other Specialty Stores","http://www.nasdaq.com/symbol/orly",
"OXGN","OXiGENE Inc.","1.05","15624000","n/a","n/a","Health Care","Biotechnology: Biological Products (No Diagnostic Substances)","http://www.nasdaq.com/symbol/oxgn",
"PCLN","priceline.com Incorporated","518.58","25816468140","n/a","1999","Miscellaneous","Business Services","http://www.nasdaq.com/symbol/pcln",
"PSMT","PriceSmart, Inc.","67.24","2010476000","n/a","n/a","Consumer Services","Department/Specialty Retail Stores","http://www.nasdaq.com/symbol/psmt",
"RDCM","Radcom Ltd.","4.37","27850010","n/a","1997","Technology","Computer peripheral equipment","http://www.nasdaq.com/symbol/rdcm",
"RVBD","Riverbed Technology, Inc.","28.63","4438193970","n/a","2006","Technology","Computer Communications Equipment","http://www.nasdaq.com/symbol/rvbd",
"SAPE","Sapient Corporation","13.46","1881586860","n/a","1996","Technology","EDP Services","http://www.nasdaq.com/symbol/sape",
"SATC","SatCon Technology Corporation","0.52","62279880","n/a","1992","Technology","Semiconductors","http://www.nasdaq.com/symbol/satc",
"SVNT","Savient Pharmaceuticals Inc","2.42","172959820","n/a","n/a","Consumer Durables","Specialty Chemicals","http://www.nasdaq.com/symbol/svnt",
"SBAC","SBA Communications Corporation","44.97","4917874230","n/a","1999","Consumer Services","Telecommunications Equipment","http://www.nasdaq.com/symbol/sbac",
"SCSC","ScanSource Inc.","37.74","1026075120","n/a","n/a","Technology","Retail: Computer Software & Peripheral Equipment","http://www.nasdaq.com/symbol/scsc",
"STX","Seagate Technology.","20.02","9306196900","n/a","1988","Technology","Electronic Components","http://www.nasdaq.com/symbol/stx",
"SGMA","SigmaTron International, Inc.","3.96","15321240","n/a","1972","Technology","Electrical Products","http://www.nasdaq.com/symbol/sgma",
"SZYM","Solazyme, Inc.","11.19","668367510","n/a","n/a","Basic Industries","Major Chemicals","http://www.nasdaq.com/symbol/szym",
"SLTM","Solta Medical, Inc","2.52","153311760","n/a","1983","Health Care","Biotechnology: Electromedical & Electrotherapeutic Apparatus","http://www.nasdaq.com/symbol/sltm",
"SBUX","Starbucks Corporation","48.15","35891010000","n/a","1992","Consumer Services","Restaurants","http://www.nasdaq.com/symbol/sbux",
"SYMC","Symantec Corporation","16.79","12376966770","n/a","1989","Technology","Computer Software: Prepackaged Software","http://www.nasdaq.com/symbol/symc",
"SYMM","Symmetricom, Inc.","6.06","258937740","n/a","n/a","Public Utilities","Telecommunications Equipment","http://www.nasdaq.com/symbol/symm",
"TESS","TESSCO Technologies Incorporated","17.05","132478500","n/a","1994","Consumer Non-Durables","Electronic Components","http://www.nasdaq.com/symbol/tess",
"TSRA","Tessera Technologies, Inc.","18.65","961071800","n/a","2003","Technology","Semiconductors","http://www.nasdaq.com/symbol/tsra",
"THER","Theratechnologies Inc.","2.63","160014460","n/a","2001","Consumer Durables","Major Pharmaceuticals","http://www.nasdaq.com/symbol/ther",
"THRX","Theravance, Inc.","18.15","1545073200","n/a","2004","Consumer Durables","Major Pharmaceuticals","http://www.nasdaq.com/symbol/thrx",
"KOOL","THERMOGENESIS Corp.","0.81","13260510","n/a","n/a","Capital Goods","Medical Specialities","http://www.nasdaq.com/symbol/kool",
"UTEK","Ultratech, Inc.","28.21","725194470","n/a","1993","Technology","Industrial Machinery/Components","http://www.nasdaq.com/symbol/utek",
"VGIT","Vanguard Intermediate -Term Government Bond ETF","65.361","6536100","n/a","n/a","n/a","n/a","http://www.nasdaq.com/symbol/vgit",
"VCIT","Vanguard Intermediate-Term Corporate Bond ETF","82.81","41405000","n/a","n/a","n/a","n/a","http://www.nasdaq.com/symbol/vcit",
"VNQI","Vanguard International Equity Index Funds Vanguard Global ex-U.S. Real Estate ETF","44.2","4420000","n/a","n/a","n/a","n/a","http://www.nasdaq.com/symbol/vnqi",
"VCLT","Vanguard Long-Term Corporate Bond ETF","86.34","43170000","n/a","n/a","n/a","n/a","http://www.nasdaq.com/symbol/vclt",
"VGLT","Vanguard Long-Term Government Bond ETF","73.0799","7307990","n/a","n/a","n/a","n/a","http://www.nasdaq.com/symbol/vglt",
"VOD","Vodafone Group Plc","27.76","25499325591.52","918563602","n/a","Public Utilities","Telecommunications Equipment","http://www.nasdaq.com/symbol/vod",
"VOLC","Volcano Corporation","27.43","1443558610","n/a","2006","Health Care","Biotechnology: Electromedical & Electrotherapeutic Apparatus",
